set_name,card_name,pokemon_id,pokemon_name,card_number,set_size,price,rarity,img
Reisegefährten,Ns Zoroark-ex,571,0571 Zoroark,189,159,24.95,Hyper Rare,./img/Reisegefährten_189_Ns Zoroark-ex.png
Reisegefährten,Enigmaras Wampitz-ex,939,0939 Wampitz,188,159,22.5,Hyper Rare,./img/Reisegefährten_188_Enigmaras Wampitz-ex.png
Reisegefährten,Brutalanda-ex,373,0373 Brutalanda,187,159,54.99,Special Illustration Rare,./img/Reisegefährten_187_Brutalanda-ex.png
Reisegefährten,Hops Zacian-ex,888,0888 Zacian,186,159,42.0,Special Illustration Rare,./img/Reisegefährten_186_Hops Zacian-ex.png
Reisegefährten,Ns Zoroark-ex,571,0571 Zoroark,185,159,63.0,Special Illustration Rare,./img/Reisegefährten_185_Ns Zoroark-ex.png
Reisegefährten,Lillys Piepi-ex,35,0035 Piepi,184,159,96.9,Special Illustration Rare,./img/Reisegefährten_184_Lillys Piepi-ex.png
Reisegefährten,Enigmaras Wampitz-ex,939,0939 Wampitz,183,159,43.99,Special Illustration Rare,./img/Reisegefährten_183_Enigmaras Wampitz-ex.png
Reisegefährten,Volcanion-ex,721,0721 Volcanion,182,159,28.99,Special Illustration Rare,./img/Reisegefährten_182_Volcanion-ex.png
Reisegefährten,Hops Wolly,831,0831 Wolly,170,159,4.0,Illustration Rare,./img/Reisegefährten_170_Hops Wolly.png
Reisegefährten,eF-eM,714,0714 eF-eM,169,159,4.0,Illustration Rare,./img/Reisegefährten_169_eF-eM.png
Reisegefährten,Wiesenior,162,0162 Wiesenior,168,159,5.0,Illustration Rare,./img/Reisegefährten_168_Wiesenior.png
Reisegefährten,Ns Reshiram,643,0643 Reshiram,167,159,15.0,Illustration Rare,./img/Reisegefährten_167_Ns Reshiram.png
Reisegefährten,Wolwerock,745,0745 Wolwerock,166,159,2.8,Illustration Rare,./img/Reisegefährten_166_Wolwerock.png
Reisegefährten,Quiekel,220,0220 Quiekel,165,159,2.2,Illustration Rare,./img/Reisegefährten_165_Quiekel.png
Reisegefährten,Lillys Bandelby,743,0743 Bandelby,164,159,4.5,Illustration Rare,./img/Reisegefährten_164_Lillys Bandelby.png
Reisegefährten,Enigmaras Voltrean,941,0941 Voltrean,163,159,4.95,Illustration Rare,./img/Reisegefährten_163_Enigmaras Voltrean.png
Reisegefährten,Wailord,321,0321 Wailord,162,159,8.0,Illustration Rare,./img/Reisegefährten_162_Wailord.png
Reisegefährten,Arktos,144,0144 Arktos,161,159,17.97,Illustration Rare,./img/Reisegefährten_161_Arktos.png
Reisegefährten,Maracamba,556,0556 Maracamba,160,159,2.7,Illustration Rare,./img/Reisegefährten_160_Maracamba.png
Prismatische Entwicklungen,Terapagos-ex Holo,1024,1024 Terapagos,180,131,12.0,Hyper Rare,./img/PrismatischeEntwicklungen_180_Terapagos-ex Holo.png
Prismatische Entwicklungen,Pikachu-ex Holo,25,0025 Pikachu,179,131,34.0,Hyper Rare,./img/PrismatischeEntwicklungen_179_Pikachu-ex Holo.png
Prismatische Entwicklungen,Windewoge-ex Holo,1009,1009 Windewoge,178,131,7.98,Hyper Rare,./img/PrismatischeEntwicklungen_178_Windewoge-ex Holo.png
Prismatische Entwicklungen,Türkisgrüne-Maske-Ogerpon-ex Holo,1017,1017 Ogerpon,177,131,7.98,Hyper Rare,./img/PrismatischeEntwicklungen_177_Türkisgrüne-Maske-Ogerpon-ex Holo.png
Prismatische Entwicklungen,Eisenblatt-ex Holo,1010,1010 Eisenblatt,176,131,8.0,Hyper Rare,./img/PrismatischeEntwicklungen_176_Eisenblatt-ex Holo.png
Prismatische Entwicklungen,Terapagos-ex Holo,1024,1024 Terapagos,169,131,30.0,Special Illustration Rare,./img/PrismatischeEntwicklungen_169_Terapagos-ex Holo.png
Prismatische Entwicklungen,Blutmond-Ursaluna-ex Holo,901,0901 Ursaluna,168,131,50.0,Special Illustration Rare,./img/PrismatischeEntwicklungen_168_Blutmond-Ursaluna-ex Holo.png
Prismatische Entwicklungen,Evoli-ex Holo,133,0133 Evoli,167,131,124.99,Special Illustration Rare,./img/PrismatischeEntwicklungen_167_Evoli-ex Holo.png
Prismatische Entwicklungen,Furienblitz-ex Holo,1021,1021 Furienblitz,166,131,69.0,Special Illustration Rare,./img/PrismatischeEntwicklungen_166_Furienblitz-ex Holo.png
Prismatische Entwicklungen,Katapuldra-ex Holo,887,0887 Katapuldra,165,131,79.99,Special Illustration Rare,./img/PrismatischeEntwicklungen_165_Katapuldra-ex Holo.png
Prismatische Entwicklungen,Monetigo-ex Holo,1000,1000 Monetigo,164,131,44.0,Special Illustration Rare,./img/PrismatischeEntwicklungen_164_Monetigo-ex Holo.png
Prismatische Entwicklungen,Infamomo-ex Holo,1025,1025 Infamomo,163,131,34.94,Special Illustration Rare,./img/PrismatischeEntwicklungen_163_Infamomo-ex Holo.png
Prismatische Entwicklungen,Donnersichel-ex Holo,1005,1005 Donnersichel,162,131,100.0,Special Illustration Rare,./img/PrismatischeEntwicklungen_162_Donnersichel-ex Holo.png
Prismatische Entwicklungen,Nachtara-ex Holo,197,0197 Nachtara,161,131,739.99,Special Illustration Rare,./img/PrismatischeEntwicklungen_161_Nachtara-ex Holo.png
Prismatische Entwicklungen,Fundamentmaske-Ogerpon-ex Holo,1017,1017 Ogerpon,160,131,17.0,Special Illustration Rare,./img/PrismatischeEntwicklungen_160_Fundamentmaske-Ogerpon-ex Holo.png
Prismatische Entwicklungen,Sandfell-ex Holo,989,0989 Sandfell,159,131,29.99,Special Illustration Rare,./img/PrismatischeEntwicklungen_159_Sandfell-ex Holo.png
Prismatische Entwicklungen,Eisenhaupt-ex Holo,1023,1023 Eisenhaupt,158,131,34.99,Special Illustration Rare,./img/PrismatischeEntwicklungen_158_Eisenhaupt-ex Holo.png
Prismatische Entwicklungen,Eisenkrieger-ex Holo,1006,1006 Eisenkrieger,157,131,36.0,Special Illustration Rare,./img/PrismatischeEntwicklungen_157_Eisenkrieger-ex Holo.png
Prismatische Entwicklungen,Feelinara-ex Holo,700,0700 Feelinara,156,131,210.0,Special Illustration Rare,./img/PrismatischeEntwicklungen_156_Feelinara-ex Holo.png
Prismatische Entwicklungen,Psiana-ex Holo,196,0196 Psiana,155,131,194.0,Special Illustration Rare,./img/PrismatischeEntwicklungen_155_Psiana-ex Holo.png
Prismatische Entwicklungen,Eisenhand-ex Holo,992,0992 Eisenhand,154,131,32.0,Special Illustration Rare,./img/PrismatischeEntwicklungen_154_Eisenhand-ex Holo.png
Prismatische Entwicklungen,Blitza-ex Holo,135,0135 Blitza,153,131,145.0,Special Illustration Rare,./img/PrismatischeEntwicklungen_153_Blitza-ex Holo.png
Prismatische Entwicklungen,Brunnenmaske-Ogerpon-ex Holo,1017,1017 Ogerpon,152,131,15.25,Special Illustration Rare,./img/PrismatischeEntwicklungen_152_Brunnenmaske-Ogerpon-ex Holo.png
Prismatische Entwicklungen,Delfinator-ex Holo,964,0964 Delfinator,151,131,45.49,Special Illustration Rare,./img/PrismatischeEntwicklungen_151_Delfinator-ex Holo.png
Prismatische Entwicklungen,Glaziola-ex Holo,471,0471 Glaziola,150,131,160.0,Special Illustration Rare,./img/PrismatischeEntwicklungen_150_Glaziola-ex Holo.png
Prismatische Entwicklungen,Aquana-ex Holo,134,0134 Aquana,149,131,169.0,Special Illustration Rare,./img/PrismatischeEntwicklungen_149_Aquana-ex Holo.png
Prismatische Entwicklungen,Ofenmaske-Ogerpon-ex Holo,1017,1017 Ogerpon,148,131,18.49,Special Illustration Rare,./img/PrismatischeEntwicklungen_148_Ofenmaske-Ogerpon-ex Holo.png
Prismatische Entwicklungen,Azugladis-ex Holo,937,0937 Azugladis,147,131,79.99,Special Illustration Rare,./img/PrismatischeEntwicklungen_147_Azugladis-ex Holo.png
Prismatische Entwicklungen,Flamara-ex Holo,136,0136 Flamara,146,131,144.99,Special Illustration Rare,./img/PrismatischeEntwicklungen_146_Flamara-ex Holo.png
Prismatische Entwicklungen,Türkisgrüne-Maske-Ogerpon-ex Holo,1017,1017 Ogerpon,145,131,16.5,Special Illustration Rare,./img/PrismatischeEntwicklungen_145_Türkisgrüne-Maske-Ogerpon-ex Holo.png
Prismatische Entwicklungen,Folipurba-ex Holo,470,0470 Folipurba,144,131,178.0,Special Illustration Rare,./img/PrismatischeEntwicklungen_144_Folipurba-ex Holo.png
Stürmische Funken,Alola-Kokowei-ex,103,0103 Kokowei,248,191,14.5,Hyper Rare,./img/StürmischeFunken_248_Alola-Kokowei-ex.png
Stürmische Funken,Pikachu-ex,25,0025 Pikachu,247,191,59.9,Hyper Rare,./img/StürmischeFunken_247_Pikachu-ex.png
Stürmische Funken,Alola-Kokowei-ex,103,0103 Kokowei,242,191,34.0,Special Illustration Rare,./img/StürmischeFunken_242_Alola-Kokowei-ex.png
Stürmische Funken,Briduradon-ex,1018,1018 Briduradon,241,191,14.5,Special Illustration Rare,./img/StürmischeFunken_241_Briduradon-ex.png
Stürmische Funken,Trikephalo-ex,635,0635 Trikephalo,240,191,40.0,Special Illustration Rare,./img/StürmischeFunken_240_Trikephalo-ex.png
Stürmische Funken,Latias-ex,380,0380 Latias,239,191,105.0,Special Illustration Rare,./img/StürmischeFunken_239_Latias-ex.png
Stürmische Funken,Pikachu-ex,25,0025 Pikachu,238,191,197.99,Special Illustration Rare,./img/StürmischeFunken_238_Pikachu-ex.png
Stürmische Funken,Milotic-ex,350,0350 Milotic,237,191,92.0,Special Illustration Rare,./img/StürmischeFunken_237_Milotic-ex.png
Stürmische Funken,Fermicula-ex,632,0632 Fermicula,236,191,21.5,Special Illustration Rare,./img/StürmischeFunken_236_Fermicula-ex.png
Stürmische Funken,Washakwil,628,0628 Washakwil,214,191,4.69,Illustration Rare,./img/StürmischeFunken_214_Washakwil.png
Stürmische Funken,Kecleon,352,0352 Kecleon,213,191,3.75,Illustration Rare,./img/StürmischeFunken_213_Kecleon.png
Stürmische Funken,Bummelz,287,0287 Bummelz,212,191,5.24,Illustration Rare,./img/StürmischeFunken_212_Bummelz.png
Stürmische Funken,Schlapfel,842,0842 Schlapfel,211,191,3.4,Illustration Rare,./img/StürmischeFunken_211_Schlapfel.png
Stürmische Funken,Drapfel,841,0841 Drapfel,210,191,1.99,Illustration Rare,./img/StürmischeFunken_210_Drapfel.png
Stürmische Funken,Panzaeron,227,0227 Panzaeron,209,191,6.99,Illustration Rare,./img/StürmischeFunken_209_Panzaeron.png
Stürmische Funken,Alola-Digdri,51,0051 Digdri,208,191,3.0,Illustration Rare,./img/StürmischeFunken_208_Alola-Digdri.png
Stürmische Funken,Klopptopus,852,0852 Klopptopus,207,191,3.0,Illustration Rare,./img/StürmischeFunken_207_Klopptopus.png
Stürmische Funken,Vibrava,329,0329 Vibrava,206,191,2.0,Illustration Rare,./img/StürmischeFunken_206_Vibrava.png
Stürmische Funken,Phanpy,231,0231 Phanpy,205,191,4.88,Illustration Rare,./img/StürmischeFunken_205_Phanpy.png
Stürmische Funken,Vesprit,481,0481 Vesprit,204,191,7.0,Illustration Rare,./img/StürmischeFunken_204_Vesprit.png
Stürmische Funken,Latios,381,0381 Latios,203,191,19.49,Illustration Rare,./img/StürmischeFunken_203_Latios.png
Stürmische Funken,Flunschlik,618,0618 Flunschlik,202,191,0.75,Illustration Rare,./img/StürmischeFunken_202_Flunschlik.png
Stürmische Funken,Kolowal,975,0975 Kolowal,201,191,1.49,Illustration Rare,./img/StürmischeFunken_201_Kolowal.png
Stürmische Funken,Knirfish,779,0779 Knirfish,200,191,1.8,Illustration Rare,./img/StürmischeFunken_200_Knirfish.png
Stürmische Funken,Seemops,363,0363 Seemops,199,191,4.59,Illustration Rare,./img/StürmischeFunken_199_Seemops.png
Stürmische Funken,Barschwa,349,0349 Barschwa,198,191,6.99,Illustration Rare,./img/StürmischeFunken_198_Barschwa.png
Stürmische Funken,Azugladis,937,0937 Azugladis,197,191,10.49,Illustration Rare,./img/StürmischeFunken_197_Azugladis.png
Stürmische Funken,Ignivor,636,0636 Ignivor,196,191,1.88,Illustration Rare,./img/StürmischeFunken_196_Ignivor.png
Stürmische Funken,Formeo Sonnenform,351,0351 Formeo,195,191,3.77,Illustration Rare,./img/StürmischeFunken_195_Formeo Sonnenform.png
Stürmische Funken,Lamellux,756,0756 Lamellux,194,191,2.0,Illustration Rare,./img/StürmischeFunken_194_Lamellux.png
Stürmische Funken,Vivillon,666,0666 Vivillon,193,191,2.48,Illustration Rare,./img/StürmischeFunken_193_Vivillon.png
Stürmische Funken,Owei,102,0102 Owei,192,191,3.9,Illustration Rare,./img/StürmischeFunken_192_Owei.png
Stellarkrone,Terapagos-ex,1024,1024 Terapagos,173,142,14.99,Hyper Rare,./img/Stellarkrone_173_Terapagos-ex.png
Stellarkrone,Terapagos-ex,1024,1024 Terapagos,170,142,44.5,Special Illustration Rare,./img/Stellarkrone_170_Terapagos-ex.png
Stellarkrone,Backel-ex,927,0927 Backel,169,142,27.95,Special Illustration Rare,./img/Stellarkrone_169_Backel-ex.png
Stellarkrone,Voltula-ex,596,0596 Voltula,168,142,20.5,Special Illustration Rare,./img/Stellarkrone_168_Voltula-ex.png
Stellarkrone,Hydrapfel-ex,1019,1019 Hydrapfel,167,142,22.0,Special Illustration Rare,./img/Stellarkrone_167_Hydrapfel-ex.png
Stellarkrone,Briduradon,1018,1018 Briduradon,155,142,2.4,Illustration Rare,./img/Stellarkrone_155_Briduradon.png
Stellarkrone,Schluppuck,316,0316 Schluppuck,154,142,3.19,Illustration Rare,./img/Stellarkrone_154_Schluppuck.png
Stellarkrone,Meditie,307,0307 Meditie,153,142,3.65,Illustration Rare,./img/Stellarkrone_153_Meditie.png
Stellarkrone,Hokumil,868,0868 Hokumil,152,142,4.45,Illustration Rare,./img/Stellarkrone_152_Hokumil.png
Stellarkrone,Zeraora,807,0807 Zeraora,151,142,5.39,Illustration Rare,./img/Stellarkrone_151_Zeraora.png
Stellarkrone,Wattzapf,595,0595 Wattzapf,150,142,5.0,Illustration Rare,./img/Stellarkrone_150_Wattzapf.png
Stellarkrone,Krawell,740,0740 Krawell,149,142,2.4,Illustration Rare,./img/Stellarkrone_149_Krawell.png
Stellarkrone,Schiggy,7,0007 Schiggy,148,142,38.0,Illustration Rare,./img/Stellarkrone_148_Schiggy.png
Stellarkrone,Kickerlo,814,0814 Kickerlo,147,142,4.4,Illustration Rare,./img/Stellarkrone_147_Kickerlo.png
Stellarkrone,Tortunator,776,0776 Tortunator,146,142,2.49,Illustration Rare,./img/Stellarkrone_146_Tortunator.png
Stellarkrone,Liliep,345,0345 Liliep,145,142,2.8,Illustration Rare,./img/Stellarkrone_145_Liliep.png
Stellarkrone,Ledian,166,0166 Ledian,144,142,3.25,Illustration Rare,./img/Stellarkrone_144_Ledian.png
Stellarkrone,Bisasam,1,0001 Bisasam,143,142,37.0,Illustration Rare,./img/Stellarkrone_143_Bisasam.png
Nebel der Sagen,Zorua,570,0570 Zorua,75,64,10.0,Illustration Rare,./img/NebelderSagen_075_Zorua.png
Nebel der Sagen,Cresselia,488,0488 Cresselia,71,64,12.99,Illustration Rare,./img/NebelderSagen_071_Cresselia.png
Maskerade im Zwielicht,Blutmond-Ursaluna-ex,901,0901 Ursaluna,222,167,11.0,Hyper Rare,./img/MaskeradeimZwielicht_222_Blutmond-Ursaluna-ex.png
Maskerade im Zwielicht,Türkisgrüne-Maske-Ogerpon-ex,1017,1017 Ogerpon,221,167,10.98,Hyper Rare,./img/MaskeradeimZwielicht_221_Türkisgrüne-Maske-Ogerpon-ex.png
Maskerade im Zwielicht,Blutmond-Ursaluna-ex,901,0901 Ursaluna,216,167,30.0,Special Illustration Rare,./img/MaskeradeimZwielicht_216_Blutmond-Ursaluna-ex.png
Maskerade im Zwielicht,Fundamentmaske-Ogerpon-ex,1017,1017 Ogerpon,215,167,11.0,Special Illustration Rare,./img/MaskeradeimZwielicht_215_Fundamentmaske-Ogerpon-ex.png
Maskerade im Zwielicht,Quajutsu-ex,658,0658 Quajutsu,214,167,160.0,Special Illustration Rare,./img/MaskeradeimZwielicht_214_Quajutsu-ex.png
Maskerade im Zwielicht,Brunnenmaske-Ogerpon-ex,1017,1017 Ogerpon,213,167,14.0,Special Illustration Rare,./img/MaskeradeimZwielicht_213_Brunnenmaske-Ogerpon-ex.png
Maskerade im Zwielicht,Ofenmaske-Ogerpon-ex,1017,1017 Ogerpon,212,167,9.0,Special Illustration Rare,./img/MaskeradeimZwielicht_212_Ofenmaske-Ogerpon-ex.png
Maskerade im Zwielicht,Türkisgrüne-Maske-Ogerpon-ex,1017,1017 Ogerpon,211,167,18.4,Special Illustration Rare,./img/MaskeradeimZwielicht_211_Türkisgrüne-Maske-Ogerpon-ex.png
Maskerade im Zwielicht,Fatalitcha-ex,1013,1013 Fatalitcha,210,167,15.0,Special Illustration Rare,./img/MaskeradeimZwielicht_210_Fatalitcha-ex.png
Maskerade im Zwielicht,Evoli,133,0133 Evoli,188,167,45.99,Illustration Rare,./img/MaskeradeimZwielicht_188_Evoli.png
Maskerade im Zwielicht,Chaneira,113,0113 Chaneira,187,167,13.45,Illustration Rare,./img/MaskeradeimZwielicht_187_Chaneira.png
Maskerade im Zwielicht,Nigiragi,978,0978 Nigiragi,186,167,6.99,Illustration Rare,./img/MaskeradeimZwielicht_186_Nigiragi.png
Maskerade im Zwielicht,Knapfel,840,0840 Knapfel,185,167,3.95,Illustration Rare,./img/MaskeradeimZwielicht_185_Knapfel.png
Maskerade im Zwielicht,Stollrak,305,0305 Stollrak,184,167,3.1,Illustration Rare,./img/MaskeradeimZwielicht_184_Stollrak.png
Maskerade im Zwielicht,Praktibalk,532,0532 Praktibalk,183,167,3.7,Illustration Rare,./img/MaskeradeimZwielicht_183_Praktibalk.png
Maskerade im Zwielicht,Voluminas,476,0476 Voluminas,182,167,0.95,Illustration Rare,./img/MaskeradeimZwielicht_182_Voluminas.png
Maskerade im Zwielicht,Hisui-Fukano,58,0058 Fukano,181,167,7.6,Illustration Rare,./img/MaskeradeimZwielicht_181_Hisui-Fukano.png
Maskerade im Zwielicht,Cupidos,905,0905 Cupidos,180,167,2.9,Illustration Rare,./img/MaskeradeimZwielicht_180_Cupidos.png
Maskerade im Zwielicht,Palimpalim,358,0358 Palimpalim,179,167,2.0,Illustration Rare,./img/MaskeradeimZwielicht_179_Palimpalim.png
Maskerade im Zwielicht,Voltrel,940,0940 Voltrel,178,167,2.2,Illustration Rare,./img/MaskeradeimZwielicht_178_Voltrel.png
Maskerade im Zwielicht,Elezard,695,0695 Elezard,177,167,2.7,Illustration Rare,./img/MaskeradeimZwielicht_177_Elezard.png
Maskerade im Zwielicht,Urgl,845,0845 Urgl,176,167,2.49,Illustration Rare,./img/MaskeradeimZwielicht_176_Urgl.png
Maskerade im Zwielicht,Phione,489,0489 Phione,175,167,4.0,Illustration Rare,./img/MaskeradeimZwielicht_175_Phione.png
Maskerade im Zwielicht,Frosdedje,478,0478 Frosdedje,174,167,6.39,Illustration Rare,./img/MaskeradeimZwielicht_174_Frosdedje.png
Maskerade im Zwielicht,Panferno,392,0392 Panferno,173,167,7.4,Illustration Rare,./img/MaskeradeimZwielicht_173_Panferno.png
Maskerade im Zwielicht,Qurtel,324,0324 Qurtel,172,167,3.2,Illustration Rare,./img/MaskeradeimZwielicht_172_Qurtel.png
Maskerade im Zwielicht,Mortcha,1012,1012 Mortcha,171,167,2.2,Illustration Rare,./img/MaskeradeimZwielicht_171_Mortcha.png
Maskerade im Zwielicht,Sirapfel,1011,1011 Sirapfel,170,167,3.4,Illustration Rare,./img/MaskeradeimZwielicht_170_Sirapfel.png
Maskerade im Zwielicht,Sonnflora,192,0192 Sonnflora,169,167,3.48,Illustration Rare,./img/MaskeradeimZwielicht_169_Sonnflora.png
Maskerade im Zwielicht,Pinsir,127,0127 Pinsir,168,167,7.75,Illustration Rare,./img/MaskeradeimZwielicht_168_Pinsir.png
Gewalten der Zeit,Furienblitz-ex,1021,1021 Furienblitz,218,162,14.88,Hyper Rare,./img/GewaltenderZeit_218_Furienblitz-ex.png
Gewalten der Zeit,Eisenfels-ex,1022,1022 Eisenfels,217,162,8.9,Hyper Rare,./img/GewaltenderZeit_217_Eisenfels-ex.png
Gewalten der Zeit,Eisenhaupt-ex,1023,1023 Eisenhaupt,216,162,10.8,Hyper Rare,./img/GewaltenderZeit_216_Eisenhaupt-ex.png
Gewalten der Zeit,Windewoge-ex,1009,1009 Windewoge,215,162,8.9,Hyper Rare,./img/GewaltenderZeit_215_Windewoge-ex.png
Gewalten der Zeit,Keilflamme-ex,1020,1020 Keilflamme,214,162,11.49,Hyper Rare,./img/GewaltenderZeit_214_Keilflamme-ex.png
Gewalten der Zeit,Eisenblatt-ex,1010,1010 Eisenblatt,213,162,10.0,Hyper Rare,./img/GewaltenderZeit_213_Eisenblatt-ex.png
Gewalten der Zeit,Furienblitz-ex,1021,1021 Furienblitz,208,162,69.98,Special Illustration Rare,./img/GewaltenderZeit_208_Furienblitz-ex.png
Gewalten der Zeit,Eisenfels-ex,1022,1022 Eisenfels,207,162,25.0,Special Illustration Rare,./img/GewaltenderZeit_207_Eisenfels-ex.png
Gewalten der Zeit,Eisenhaupt-ex,1023,1023 Eisenhaupt,206,162,54.5,Special Illustration Rare,./img/GewaltenderZeit_206_Eisenhaupt-ex.png
Gewalten der Zeit,Windewoge-ex,1009,1009 Windewoge,205,162,45.0,Special Illustration Rare,./img/GewaltenderZeit_205_Windewoge-ex.png
Gewalten der Zeit,Keilflamme-ex,1020,1020 Keilflamme,204,162,41.99,Special Illustration Rare,./img/GewaltenderZeit_204_Keilflamme-ex.png
Gewalten der Zeit,Eisenblatt-ex,1010,1010 Eisenblatt,203,162,31.0,Special Illustration Rare,./img/GewaltenderZeit_203_Eisenblatt-ex.png
Gewalten der Zeit,Sen-Long,780,0780 Sen-Long,184,162,7.0,Illustration Rare,./img/GewaltenderZeit_184_Sen-Long.png
Gewalten der Zeit,Chillabell,573,0573 Chillabell,183,162,7.9,Illustration Rare,./img/GewaltenderZeit_183_Chillabell.png
Gewalten der Zeit,Picochilla,572,0572 Picochilla,182,162,6.0,Illustration Rare,./img/GewaltenderZeit_182_Picochilla.png
Gewalten der Zeit,Plaudagei,441,0441 Plaudagei,181,162,5.49,Illustration Rare,./img/GewaltenderZeit_181_Plaudagei.png
Gewalten der Zeit,Schlurp,108,0108 Schlurp,180,162,8.9,Illustration Rare,./img/GewaltenderZeit_180_Schlurp.png
Gewalten der Zeit,Meltan,808,0808 Meltan,179,162,3.37,Illustration Rare,./img/GewaltenderZeit_179_Meltan.png
Gewalten der Zeit,Metagross,376,0376 Metagross,178,162,16.0,Illustration Rare,./img/GewaltenderZeit_178_Metagross.png
Gewalten der Zeit,Nebulak,92,0092 Nebulak,177,162,23.0,Illustration Rare,./img/GewaltenderZeit_177_Nebulak.png
Gewalten der Zeit,Arbok,24,0024 Arbok,176,162,12.5,Illustration Rare,./img/GewaltenderZeit_176_Arbok.png
Gewalten der Zeit,Pampross,750,0750 Pampross,175,162,3.49,Illustration Rare,./img/GewaltenderZeit_175_Pampross.png
Gewalten der Zeit,Stalobor,530,0530 Stalobor,174,162,4.5,Illustration Rare,./img/GewaltenderZeit_174_Stalobor.png
Gewalten der Zeit,Relicanth,369,0369 Relicanth,173,162,6.0,Illustration Rare,./img/GewaltenderZeit_173_Relicanth.png
Gewalten der Zeit,Wommel,742,0742 Wommel,172,162,3.9,Illustration Rare,./img/GewaltenderZeit_172_Wommel.png
Gewalten der Zeit,Zytomega,579,0579 Zytomega,171,162,5.2,Illustration Rare,./img/GewaltenderZeit_171_Zytomega.png
Gewalten der Zeit,Bronzel,436,0436 Bronzel,170,162,4.5,Illustration Rare,./img/GewaltenderZeit_170_Bronzel.png
Gewalten der Zeit,Akkup,737,0737 Akkup,169,162,3.0,Illustration Rare,./img/GewaltenderZeit_169_Akkup.png
Gewalten der Zeit,Snomnom,872,0872 Snomnom,168,162,4.49,Illustration Rare,./img/GewaltenderZeit_168_Snomnom.png
Gewalten der Zeit,Flamiau,725,0725 Flamiau,167,162,7.0,Illustration Rare,./img/GewaltenderZeit_167_Flamiau.png
Gewalten der Zeit,Kronjuwild,586,0586 Kronjuwild,166,162,16.99,Illustration Rare,./img/GewaltenderZeit_166_Kronjuwild.png
Gewalten der Zeit,Sesokitz,585,0585 Sesokitz,165,162,14.19,Illustration Rare,./img/GewaltenderZeit_165_Sesokitz.png
Gewalten der Zeit,Chelcarain,388,0388 Chelcarain,164,162,7.5,Illustration Rare,./img/GewaltenderZeit_164_Chelcarain.png
Gewalten der Zeit,Tengulist,275,0275 Tengulist,163,162,6.4,Illustration Rare,./img/GewaltenderZeit_163_Tengulist.png
Paldeas Schicksale,Koraidon-ex,1007,1007 Koraidon,245,91,8.0,Hyper Rare,./img/PaldeasSchicksale_245_Koraidon-ex.png
Paldeas Schicksale,Dinglu-ex,1003,1003 Dinglu,244,91,4.99,Hyper Rare,./img/PaldeasSchicksale_244_Dinglu-ex.png
Paldeas Schicksale,Miraidon-ex,1008,1008 Miraidon,243,91,9.0,Hyper Rare,./img/PaldeasSchicksale_243_Miraidon-ex.png
Paldeas Schicksale,Baojian-ex,1002,1002 Baojian,242,91,7.2,Hyper Rare,./img/PaldeasSchicksale_242_Baojian-ex.png
Paldeas Schicksale,Yuyu-ex,1004,1004 Yuyu,241,91,6.99,Hyper Rare,./img/PaldeasSchicksale_241_Yuyu-ex.png
Paldeas Schicksale,Chongjian-ex,1001,1001 Chongjian,240,91,4.9,Hyper Rare,./img/PaldeasSchicksale_240_Chongjian-ex.png
Paldeas Schicksale,Glurak-ex,6,0006 Glurak,234,91,139.99,Special Illustration Rare,./img/PaldeasSchicksale_234_Glurak-ex.png
Paldeas Schicksale,Guardevoir-ex,282,0282 Guardevoir,233,91,73.89,Special Illustration Rare,./img/PaldeasSchicksale_233_Guardevoir-ex.png
Paldeas Schicksale,Mew-ex,151,0151 Mew,232,91,205.99,Special Illustration Rare,./img/PaldeasSchicksale_232_Mew-ex.png
Paldeas Schicksale,Pamo,921,0921 Pamo,226,91,0.45,Illustration Rare,./img/PaldeasSchicksale_226_Pamo.png
Paldeas Schicksale,Delfinator,964,0964 Delfinator,225,91,0.45,Illustration Rare,./img/PaldeasSchicksale_225_Delfinator.png
Paldeas Schicksale,Schligdri,961,0961 Schligdri,224,91,0.45,Illustration Rare,./img/PaldeasSchicksale_224_Schligdri.png
Paradox Rift,Donnersichel-ex,1005,1005 Donnersichel,262,182,5.38,Hyper Rare,./img/ParadoxRift_262_Donnersichel-ex.png
Paradox Rift,Eisenkrieger-ex,1006,1006 Eisenkrieger,261,182,4.0,Hyper Rare,./img/ParadoxRift_261_Eisenkrieger-ex.png
Paradox Rift,Knakrack-ex,445,0445 Knakrack,260,182,10.0,Hyper Rare,./img/ParadoxRift_260_Knakrack-ex.png
Paradox Rift,Altaria-ex,334,0334 Altaria,253,182,50.0,Special Illustration Rare,./img/ParadoxRift_253_Altaria-ex.png
Paradox Rift,Monetigo-ex,1000,1000 Monetigo,252,182,25.0,Special Illustration Rare,./img/ParadoxRift_252_Monetigo-ex.png
Paradox Rift,Donnersichel-ex,1005,1005 Donnersichel,251,182,42.0,Special Illustration Rare,./img/ParadoxRift_251_Donnersichel-ex.png
Paradox Rift,Sandfell-ex,989,0989 Sandfell,250,182,6.7,Special Illustration Rare,./img/ParadoxRift_250_Sandfell-ex.png
Paradox Rift,Eisenkrieger-ex,1006,1006 Eisenkrieger,249,182,20.0,Special Illustration Rare,./img/ParadoxRift_249_Eisenkrieger-ex.png
Paradox Rift,Eisenhand-ex,992,0992 Eisenhand,248,182,14.4,Special Illustration Rare,./img/ParadoxRift_248_Eisenhand-ex.png
Paradox Rift,Kapu-Riki-ex,785,0785 Kapu-Riki,247,182,17.9,Special Illustration Rare,./img/ParadoxRift_247_Kapu-Riki-ex.png
Paradox Rift,Tectass-ex,768,0768 Tectass,246,182,17.49,Special Illustration Rare,./img/ParadoxRift_246_Tectass-ex.png
Paradox Rift,Knakrack-ex,445,0445 Knakrack,245,182,32.5,Special Illustration Rare,./img/ParadoxRift_245_Knakrack-ex.png
Paradox Rift,Eisenhals,993,0993 Eisenhals,216,182,5.0,Illustration Rare,./img/ParadoxRift_216_Eisenhals.png
Paradox Rift,Mopex,967,0967 Mopex,215,182,3.49,Illustration Rare,./img/ParadoxRift_215_Mopex.png
Paradox Rift,Porygon-Z,137,0137 Porygon,214,182,4.99,Illustration Rare,./img/ParadoxRift_214_Porygon-Z.png
Paradox Rift,Wablu,333,0333 Wablu,213,182,11.0,Illustration Rare,./img/ParadoxRift_213_Wablu.png
Paradox Rift,Krakeelo,294,0294 Krakeelo,212,182,8.0,Illustration Rare,./img/ParadoxRift_212_Krakeelo.png
Paradox Rift,Griffel,190,0190 Griffel,211,182,6.5,Illustration Rare,./img/ParadoxRift_211_Griffel.png
Paradox Rift,Durengard,681,0681 Durengard,210,182,5.0,Illustration Rare,./img/ParadoxRift_210_Durengard.png
Paradox Rift,Tentantel,598,0598 Tentantel,209,182,4.8,Illustration Rare,./img/ParadoxRift_209_Tentantel.png
Paradox Rift,Stahlos,208,0208 Stahlos,208,182,25.0,Illustration Rare,./img/ParadoxRift_208_Stahlos.png
Paradox Rift,Wutpilz,986,0986 Wutpilz,207,182,10.0,Illustration Rare,./img/ParadoxRift_207_Wutpilz.png
Paradox Rift,Morpeko,877,0877 Morpeko,206,182,11.99,Illustration Rare,./img/ParadoxRift_206_Morpeko.png
Paradox Rift,Yveltal,717,0717 Yveltal,205,182,9.9,Illustration Rare,./img/ParadoxRift_205_Yveltal.png
Paradox Rift,Deponitox,569,0569 Deponitox,204,182,6.99,Illustration Rare,./img/ParadoxRift_204_Deponitox.png
Paradox Rift,Kriechflügel,988,0988 Kriechflügel,203,182,3.99,Illustration Rare,./img/ParadoxRift_203_Kriechflügel.png
Paradox Rift,Saltigant,934,0934 Saltigant,202,182,3.44,Illustration Rare,./img/ParadoxRift_202_Saltigant.png
Paradox Rift,Meteno,774,0774 Meteno,201,182,7.99,Illustration Rare,./img/ParadoxRift_201_Meteno.png
Paradox Rift,Wie-Shu,620,0620 Wie-Shu,200,182,7.49,Illustration Rare,./img/ParadoxRift_200_Wie-Shu.png
Paradox Rift,Groudon,383,0383 Groudon,199,182,64.0,Illustration Rare,./img/ParadoxRift_199_Groudon.png
Paradox Rift,Gierspenst,999,0999 Gierspenst,198,182,7.45,Illustration Rare,./img/ParadoxRift_198_Gierspenst.png
Paradox Rift,Psiopatra,956,0956 Psiopatra,197,182,5.4,Illustration Rare,./img/ParadoxRift_197_Psiopatra.png
Paradox Rift,Wattzapf,595,0595 Wattzapf,196,182,7.46,Illustration Rare,./img/ParadoxRift_196_Wattzapf.png
Paradox Rift,Elezeba,522,0522 Elezeba,195,182,5.99,Illustration Rare,./img/ParadoxRift_195_Elezeba.png
Paradox Rift,Minun,312,0312 Minun,194,182,16.99,Illustration Rare,./img/ParadoxRift_194_Minun.png
Paradox Rift,Plusle,311,0311 Plusle,193,182,14.79,Illustration Rare,./img/ParadoxRift_193_Plusle.png
Paradox Rift,Agiluza,976,0976 Agiluza,192,182,4.98,Illustration Rare,./img/ParadoxRift_192_Agiluza.png
Paradox Rift,Reißlaus,767,0767 Reißlaus,191,182,5.9,Illustration Rare,./img/ParadoxRift_191_Reißlaus.png
Paradox Rift,Gelatroppo,583,0583 Gelatroppo,190,182,7.49,Illustration Rare,./img/ParadoxRift_190_Gelatroppo.png
Paradox Rift,Mantirps,458,0458 Mantirps,189,182,9.98,Illustration Rare,./img/ParadoxRift_189_Mantirps.png
Paradox Rift,Schneppke,361,0361 Schneppke,188,182,8.29,Illustration Rare,./img/ParadoxRift_188_Schneppke.png
Paradox Rift,Eisenfalter,994,0994 Eisenfalter,187,182,4.0,Illustration Rare,./img/ParadoxRift_187_Eisenfalter.png
Paradox Rift,Magby,240,0240 Magby,186,182,10.0,Illustration Rare,./img/ParadoxRift_186_Magby.png
Paradox Rift,Tenterra,949,0949 Tenterra,185,182,4.19,Illustration Rare,./img/ParadoxRift_185_Tenterra.png
Paradox Rift,Keradar,825,0825 Keradar,184,182,2.2,Illustration Rare,./img/ParadoxRift_184_Keradar.png
Paradox Rift,Castellith,558,0558 Castellith,183,182,3.3,Illustration Rare,./img/ParadoxRift_183_Castellith.png
151,Mew-ex,151,0151 Mew,205,165,18.99,Hyper Rare,./img/151_205_Mew-ex.png
151,Zapdos-ex,145,0145 Zapdos,202,165,70.0,Special Illustration Rare,./img/151_202_Zapdos-ex.png
151,Simsala-ex,65,0065 Simsala,201,165,52.0,Special Illustration Rare,./img/151_201_Simsala-ex.png
151,Turtok-ex,9,0009 Turtok,200,165,70.0,Special Illustration Rare,./img/151_200_Turtok-ex.png
151,Glurak-ex,6,0006 Glurak,199,165,190.0,Special Illustration Rare,./img/151_199_Glurak-ex.png
151,Bisaflor-ex,3,0003 Bisaflor,198,165,77.0,Special Illustration Rare,./img/151_198_Bisaflor-ex.png
151,Dragonir,148,0148 Dragonir,181,165,31.75,Illustration Rare,./img/151_181_Dragonir.png
151,Amonitas,138,0138 Amonitas,180,165,9.79,Illustration Rare,./img/151_180_Amonitas.png
151,Pantimos,122,0122 Pantimos,179,165,9.0,Illustration Rare,./img/151_179_Pantimos.png
151,Tangela,114,0114 Tangela,178,165,9.75,Illustration Rare,./img/151_178_Tangela.png
151,Maschock,67,0067 Maschock,177,165,12.99,Illustration Rare,./img/151_177_Maschock.png
151,Quaputzi,61,0061 Quaputzi,176,165,19.8,Illustration Rare,./img/151_176_Quaputzi.png
151,Enton,54,0054 Enton,175,165,19.99,Illustration Rare,./img/151_175_Enton.png
151,Nidoking,34,0034 Nidoking,174,165,13.0,Illustration Rare,./img/151_174_Nidoking.png
151,Pikachu,25,0025 Pikachu,173,165,31.0,Illustration Rare,./img/151_173_Pikachu.png
151,Raupy,10,0010 Raupy,172,165,12.99,Illustration Rare,./img/151_172_Raupy.png
151,Schillok,8,0008 Schillok,171,165,35.4,Illustration Rare,./img/151_171_Schillok.png
151,Schiggy,7,0007 Schiggy,170,165,48.0,Illustration Rare,./img/151_170_Schiggy.png
151,Glutexo,5,0005 Glutexo,169,165,39.94,Illustration Rare,./img/151_169_Glutexo.png
151,Glumanda,4,0004 Glumanda,168,165,59.0,Illustration Rare,./img/151_168_Glumanda.png
151,Bisaknosp,2,0002 Bisaknosp,167,165,33.0,Illustration Rare,./img/151_167_Bisaknosp.png
151,Bisasam,1,0001 Bisasam,166,165,40.9,Illustration Rare,./img/151_166_Bisasam.png
Obsidianflammen,Glurak-ex,6,0006 Glurak,228,197,20.0,Hyper Rare,./img/Obsidianflammen_228_Glurak-ex.png
Obsidianflammen,Tauboss-ex,18,0018 Tauboss,225,197,13.49,Special Illustration Rare,./img/Obsidianflammen_225_Tauboss-ex.png
Obsidianflammen,Knattatox-ex,966,0966 Knattatox,224,197,3.99,Special Illustration Rare,./img/Obsidianflammen_224_Knattatox-ex.png
Obsidianflammen,Glurak-ex,6,0006 Glurak,223,197,57.49,Special Illustration Rare,./img/Obsidianflammen_223_Glurak-ex.png
Obsidianflammen,Kubuin-ex,875,0875 Kubuin,222,197,4.5,Special Illustration Rare,./img/Obsidianflammen_222_Kubuin-ex.png
Obsidianflammen,Ferkuli,915,0915 Ferkuli,209,197,4.25,Illustration Rare,./img/Obsidianflammen_209_Ferkuli.png
Obsidianflammen,Tauboga,17,0017 Tauboga,208,197,5.25,Illustration Rare,./img/Obsidianflammen_208_Tauboga.png
Obsidianflammen,Taubsi,16,0016 Taubsi,207,197,10.89,Illustration Rare,./img/Obsidianflammen_207_Taubsi.png
Obsidianflammen,Knattox,965,0965 Knattox,206,197,1.7,Illustration Rare,./img/Obsidianflammen_206_Knattox.png
Obsidianflammen,Scherox,212,0212 Scherox,205,197,9.99,Illustration Rare,./img/Obsidianflammen_205_Scherox.png
Obsidianflammen,Hunduster,228,0228 Hunduster,204,197,5.0,Illustration Rare,./img/Obsidianflammen_204_Hunduster.png
Obsidianflammen,Larvitar,246,0246 Larvitar,203,197,3.0,Illustration Rare,./img/Obsidianflammen_203_Larvitar.png
Obsidianflammen,Pii,173,0173 Pii,202,197,17.0,Illustration Rare,./img/Obsidianflammen_202_Pii.png
Obsidianflammen,Wampitz,939,0939 Wampitz,201,197,2.7,Illustration Rare,./img/Obsidianflammen_201_Wampitz.png
Obsidianflammen,Delfinator,964,0964 Delfinator,200,197,2.4,Illustration Rare,./img/Obsidianflammen_200_Delfinator.png
Obsidianflammen,Vulnona,38,0038 Vulnona,199,197,18.5,Illustration Rare,./img/Obsidianflammen_199_Vulnona.png
Obsidianflammen,Duflor,44,0044 Duflor,198,197,10.5,Illustration Rare,./img/Obsidianflammen_198_Duflor.png
Entwicklungen in Paldea,Dinglu-ex,1003,1003 Dinglu,275,193,3.61,Hyper Rare,./img/EntwicklungeninPaldea_275_Dinglu-ex.png
Entwicklungen in Paldea,Baojian-ex,1002,1002 Baojian,274,193,5.5,Hyper Rare,./img/EntwicklungeninPaldea_274_Baojian-ex.png
Entwicklungen in Paldea,Bailonda-ex,914,0914 Bailonda,273,193,5.5,Hyper Rare,./img/EntwicklungeninPaldea_273_Bailonda-ex.png
Entwicklungen in Paldea,Skelokrok-ex,911,0911 Skelokrok,272,193,5.2,Hyper Rare,./img/EntwicklungeninPaldea_272_Skelokrok-ex.png
Entwicklungen in Paldea,Maskagato-ex,908,0908 Maskagato,271,193,4.18,Hyper Rare,./img/EntwicklungeninPaldea_271_Maskagato-ex.png
Entwicklungen in Paldea,Krawalloro-ex,931,0931 Krawalloro,264,193,10.0,Special Illustration Rare,./img/EntwicklungeninPaldea_264_Krawalloro-ex.png
Entwicklungen in Paldea,Dinglu-ex,1003,1003 Dinglu,263,193,7.0,Special Illustration Rare,./img/EntwicklungeninPaldea_263_Dinglu-ex.png
Entwicklungen in Paldea,Granforgita-ex,959,0959 Granforgita,262,193,15.0,Special Illustration Rare,./img/EntwicklungeninPaldea_262_Granforgita-ex.png
Entwicklungen in Paldea,Baojian-ex,1002,1002 Baojian,261,193,18.0,Special Illustration Rare,./img/EntwicklungeninPaldea_261_Baojian-ex.png
Entwicklungen in Paldea,Bailonda-ex,914,0914 Bailonda,260,193,9.2,Special Illustration Rare,./img/EntwicklungeninPaldea_260_Bailonda-ex.png
Entwicklungen in Paldea,Yuyu-ex,1004,1004 Yuyu,259,193,19.99,Special Illustration Rare,./img/EntwicklungeninPaldea_259_Yuyu-ex.png
Entwicklungen in Paldea,Skelokrok-ex,911,0911 Skelokrok,258,193,18.0,Special Illustration Rare,./img/EntwicklungeninPaldea_258_Skelokrok-ex.png
Entwicklungen in Paldea,Chongjian-ex,1001,1001 Chongjian,257,193,10.0,Special Illustration Rare,./img/EntwicklungeninPaldea_257_Chongjian-ex.png
Entwicklungen in Paldea,Maskagato-ex,908,0908 Maskagato,256,193,14.59,Special Illustration Rare,./img/EntwicklungeninPaldea_256_Maskagato-ex.png
Entwicklungen in Paldea,Dummimisel,982,0982 Dummimisel,229,193,4.3,Illustration Rare,./img/EntwicklungeninPaldea_229_Dummimisel.png
Entwicklungen in Paldea,Farigiraf,981,0981 Farigiraf,228,193,5.9,Illustration Rare,./img/EntwicklungeninPaldea_228_Farigiraf.png
Entwicklungen in Paldea,Flaminkno,973,0973 Flaminkno,227,193,4.0,Illustration Rare,./img/EntwicklungeninPaldea_227_Flaminkno.png
Entwicklungen in Paldea,Famieps,925,0925 Famieps,226,193,18.99,Illustration Rare,./img/EntwicklungeninPaldea_226_Famieps.png
Entwicklungen in Paldea,Meikro,821,0821 Meikro,225,193,5.7,Illustration Rare,./img/EntwicklungeninPaldea_225_Meikro.png
Entwicklungen in Paldea,Schlurm,968,0968 Schlurm,224,193,4.5,Illustration Rare,./img/EntwicklungeninPaldea_224_Schlurm.png
Entwicklungen in Paldea,Affiti,945,0945 Affiti,223,193,3.75,Illustration Rare,./img/EntwicklungeninPaldea_223_Affiti.png
Entwicklungen in Paldea,Despotar,248,0248 Despotar,222,193,28.0,Illustration Rare,./img/EntwicklungeninPaldea_222_Despotar.png
Entwicklungen in Paldea,Paldea-Felino,194,0194 Felino,221,193,4.49,Illustration Rare,./img/EntwicklungeninPaldea_221_Paldea-Felino.png
Entwicklungen in Paldea,Geosali,932,0932 Geosali,220,193,3.89,Illustration Rare,./img/EntwicklungeninPaldea_220_Geosali.png
Entwicklungen in Paldea,Mogelbaum,185,0185 Mogelbaum,219,193,13.5,Illustration Rare,./img/EntwicklungeninPaldea_219_Mogelbaum.png
Entwicklungen in Paldea,Paldea-Tauros,128,0128 Tauros,218,193,12.0,Illustration Rare,./img/EntwicklungeninPaldea_218_Paldea-Tauros.png
Entwicklungen in Paldea,Tafforgita,958,0958 Tafforgita,217,193,7.75,Illustration Rare,./img/EntwicklungeninPaldea_217_Tafforgita.png
Entwicklungen in Paldea,Forgita,957,0957 Forgita,216,193,6.99,Illustration Rare,./img/EntwicklungeninPaldea_216_Forgita.png
Entwicklungen in Paldea,Skarabaks,954,0954 Skarabaks,215,193,4.9,Illustration Rare,./img/EntwicklungeninPaldea_215_Skarabaks.png
Entwicklungen in Paldea,Sankabuh,769,0769 Sankabuh,214,193,6.2,Illustration Rare,./img/EntwicklungeninPaldea_214_Sankabuh.png
Entwicklungen in Paldea,Hypnomorba,97,0097 Hypno,213,193,3.49,Illustration Rare,./img/EntwicklungeninPaldea_213_Hypnomorba.png
Entwicklungen in Paldea,Traunmagil,429,0429 Traunmagil,212,193,14.48,Illustration Rare,./img/EntwicklungeninPaldea_212_Traunmagil.png
Entwicklungen in Paldea,Raichu,26,0026 Raichu,211,193,23.99,Illustration Rare,./img/EntwicklungeninPaldea_211_Raichu.png
Entwicklungen in Paldea,Espinodon,998,0998 Espinodon,210,193,10.93,Illustration Rare,./img/EntwicklungeninPaldea_210_Espinodon.png
Entwicklungen in Paldea,Cryospino,997,0997 Cryospino,209,193,8.5,Illustration Rare,./img/EntwicklungeninPaldea_209_Cryospino.png
Entwicklungen in Paldea,Frospino,996,0996 Frospino,208,193,10.99,Illustration Rare,./img/EntwicklungeninPaldea_208_Frospino.png
Entwicklungen in Paldea,Fuentente,913,0913 Fuentente,207,193,5.49,Illustration Rare,./img/EntwicklungeninPaldea_207_Fuentente.png
Entwicklungen in Paldea,Kwaks,912,0912 Kwaks,206,193,7.99,Illustration Rare,./img/EntwicklungeninPaldea_206_Kwaks.png
Entwicklungen in Paldea,Kubuin,875,0875 Kubuin,205,193,8.3,Illustration Rare,./img/EntwicklungeninPaldea_205_Kubuin.png
Entwicklungen in Paldea,Marill,183,0183 Marill,204,193,20.0,Illustration Rare,./img/EntwicklungeninPaldea_204_Marill.png
Entwicklungen in Paldea,Karpador,129,0129 Karpador,203,193,122.5,Illustration Rare,./img/EntwicklungeninPaldea_203_Karpador.png
Entwicklungen in Paldea,Lokroko,910,0910 Lokroko,202,193,8.8,Illustration Rare,./img/EntwicklungeninPaldea_202_Lokroko.png
Entwicklungen in Paldea,Krokel,909,0909 Krokel,201,193,17.5,Illustration Rare,./img/EntwicklungeninPaldea_201_Krokel.png
Entwicklungen in Paldea,Pyroleo,668,0668 Pyroleo,200,193,6.0,Illustration Rare,./img/EntwicklungeninPaldea_200_Pyroleo.png
Entwicklungen in Paldea,Dartignis,662,0662 Dartignis,199,193,8.95,Illustration Rare,./img/EntwicklungeninPaldea_199_Dartignis.png
Entwicklungen in Paldea,Weherba,946,0946 Weherba,198,193,7.65,Illustration Rare,./img/EntwicklungeninPaldea_198_Weherba.png
Entwicklungen in Paldea,Feliospa,907,0907 Feliospa,197,193,9.0,Illustration Rare,./img/EntwicklungeninPaldea_197_Feliospa.png
Entwicklungen in Paldea,Felori,906,0906 Felori,196,193,14.99,Illustration Rare,./img/EntwicklungeninPaldea_196_Felori.png
Entwicklungen in Paldea,Tropius,357,0357 Tropius,195,193,6.0,Illustration Rare,./img/EntwicklungeninPaldea_195_Tropius.png
Entwicklungen in Paldea,Skaraborn,214,0214 Skaraborn,194,193,14.8,Illustration Rare,./img/EntwicklungeninPaldea_194_Skaraborn.png
Karmesin & Purpur,Koraidon-ex,1007,1007 Koraidon,254,198,5.0,Hyper Rare,./img/KarmesinundPurpur_254_Koraidon-ex.png
Karmesin & Purpur,Miraidon-ex,1008,1008 Miraidon,253,198,6.0,Hyper Rare,./img/KarmesinundPurpur_253_Miraidon-ex.png
Karmesin & Purpur,Eisenrad-ex,990,0990 Eisenrad,248,198,3.8,Special Illustration Rare,./img/KarmesinundPurpur_248_Eisenrad-ex.png
Karmesin & Purpur,Koraidon-ex,1007,1007 Koraidon,247,198,17.0,Special Illustration Rare,./img/KarmesinundPurpur_247_Koraidon-ex.png
Karmesin & Purpur,Riesenzahn-ex,984,0984 Riesenzahn,246,198,8.75,Special Illustration Rare,./img/KarmesinundPurpur_246_Riesenzahn-ex.png
Karmesin & Purpur,Guardevoir-ex,282,0282 Guardevoir,245,198,39.0,Special Illustration Rare,./img/KarmesinundPurpur_245_Guardevoir-ex.png
Karmesin & Purpur,Miraidon-ex,1008,1008 Miraidon,244,198,18.99,Special Illustration Rare,./img/KarmesinundPurpur_244_Miraidon-ex.png
Karmesin & Purpur,Spinsidias-ex,918,0918 Spinsidias,243,198,4.9,Special Illustration Rare,./img/KarmesinundPurpur_243_Spinsidias-ex.png
Karmesin & Purpur,Raffel,819,0819 Raffel,222,198,4.0,Illustration Rare,./img/KarmesinundPurpur_222_Raffel.png
Karmesin & Purpur,Staralili,396,0396 Staralili,221,198,8.32,Illustration Rare,./img/KarmesinundPurpur_221_Staralili.png
Karmesin & Purpur,Gladimperio,983,0983 Gladimperio,220,198,4.6,Illustration Rare,./img/KarmesinundPurpur_220_Gladimperio.png
Karmesin & Purpur,Adebom,962,0962 Adebom,219,198,3.49,Illustration Rare,./img/KarmesinundPurpur_219_Adebom.png
Karmesin & Purpur,Mastifioso,943,0943 Mastifioso,218,198,3.5,Illustration Rare,./img/KarmesinundPurpur_218_Mastifioso.png
Karmesin & Purpur,Klibbe,950,0950 Klibbe,217,198,4.0,Illustration Rare,./img/KarmesinundPurpur_217_Klibbe.png
Karmesin & Purpur,Ganovil,551,0551 Ganovil,216,198,4.0,Illustration Rare,./img/KarmesinundPurpur_216_Ganovil.png
Karmesin & Purpur,Riolu,447,0447 Riolu,215,198,12.99,Illustration Rare,./img/KarmesinundPurpur_215_Riolu.png
Karmesin & Purpur,Gruff,971,0971 Gruff,214,198,9.98,Illustration Rare,./img/KarmesinundPurpur_214_Gruff.png
Karmesin & Purpur,Hefel,926,0926 Hefel,213,198,7.89,Illustration Rare,./img/KarmesinundPurpur_213_Hefel.png
Karmesin & Purpur,Kirlia,281,0281 Kirlia,212,198,21.0,Illustration Rare,./img/KarmesinundPurpur_212_Kirlia.png
Karmesin & Purpur,Trasla,280,0280 Trasla,211,198,28.49,Illustration Rare,./img/KarmesinundPurpur_211_Trasla.png
Karmesin & Purpur,Traumato,96,0096 Traumato,210,198,24.9,Illustration Rare,./img/KarmesinundPurpur_210_Traumato.png
Karmesin & Purpur,Pamomamo,921,0921 Pamo,209,198,4.8,Illustration Rare,./img/KarmesinundPurpur_209_Pamomamo.png
Karmesin & Purpur,Pachirisu,417,0417 Pachirisu,208,198,8.95,Illustration Rare,./img/KarmesinundPurpur_208_Pachirisu.png
Karmesin & Purpur,Heerashai,977,0977 Heerashai,207,198,7.0,Illustration Rare,./img/KarmesinundPurpur_207_Heerashai.png
Karmesin & Purpur,Schligda,960,0960 Schligda,206,198,5.29,Illustration Rare,./img/KarmesinundPurpur_206_Schligda.png
Karmesin & Purpur,Scampisto,692,0692 Scampisto,205,198,4.0,Illustration Rare,./img/KarmesinundPurpur_205_Scampisto.png
Karmesin & Purpur,Flegmon,79,0079 Flegmon,204,198,12.8,Illustration Rare,./img/KarmesinundPurpur_204_Flegmon.png
Karmesin & Purpur,Crimanzo,936,0936 Crimanzo,203,198,8.99,Illustration Rare,./img/KarmesinundPurpur_203_Crimanzo.png
Karmesin & Purpur,Halupenjo,952,0952 Halupenjo,202,198,3.73,Illustration Rare,./img/KarmesinundPurpur_202_Halupenjo.png
Karmesin & Purpur,Tentagra,948,0948 Tentagra,201,198,3.39,Illustration Rare,./img/KarmesinundPurpur_201_Tentagra.png
Karmesin & Purpur,Olivinio,929,0929 Olivinio,200,198,4.15,Illustration Rare,./img/KarmesinundPurpur_200_Olivinio.png
Karmesin & Purpur,Tarundel,917,0917 Tarundel,199,198,4.37,Illustration Rare,./img/KarmesinundPurpur_199_Tarundel.png
